Yousra Aafer	CRYSP	yaafer	pid/138/6356
Samer Al-Kiswany	SYN	alkiswan	pid/67/4560
Mina Tahmasbi Arashloo	SYN	mtahmasb	pid/173/5006
N. Asokan	CRYSP	nasokan	pid/39/2508
Joanne Atlee	FORM SE	jmatlee	pid/a/JMAtlee
Jeff Avery		j2avery	pid/121/6615
Gladimir Baranoski		gvgbaran	pid/177/3105 pid/54/5386
Diogo Barradas	CRYSP	dbarrada	pid/204/5176
Christopher Batty	GRA SCI	c2batty	pid/59/3930
Byron Weber Becker		bwbecker	pid/74/921
Shai Ben-David	ML AC AI	shai	pid/15/6319
Shalev Ben-David	AC	s4bendav	pid/14/8614
Daniel Berry	SE	dberry	pid/07/5447
Therese Biedl	AC	biedl	pid/b/TBiedlUWaterloo
Eric Blais	AC	eblais	pid/46/1548
Yuri Boykov	AI	yboykov	pid/b/YuriBoykov
Raouf Boutaba	SYN	rboutaba	pid/b/RaoufBoutaba
Tim Brecht	SYN PL	brecht	pid/b/TimBrecht
Daniel G. Brown	BIO ML AC	browndg	pid/67/5151-1
Trevor Brown	AC SYN	t35brown	pid/56/10586-1
Carmen Bruni		cbruni
Peter Buhr	PL SYN	pabuhr	pid/b/PeterABuhr
Jonathan Buss	AC	jfbuss	pid/b/JonathanFBuss
Lori M Case		lmcase
Wenhu Chen	AI	wenhuche	pid/136/0957
Charlie Clarke	DS PL	claclark	pid/96/3666
Richard Cleve	QC AC	cleve	pid/72/6916
Robin Cohen	AI	rcohen	pid/24/441
Gordon Cormack	DS PL	gvcormac	pid/c/GVCormack
Khuzaima Daudjee	SYN	kdaudjee	pid/d/KhuzaimaDaudjee
Nancy Day	FORM SE	nday	pid/22/6670
Kimon Fountoulakis	SCI	k2founto	pid/149/5799
Mark Giesbrecht	ALG	mwg	pid/33/4943
Michael Godfrey	SE PL	migod	pid/g/MichaelWGodfrey
Ian Goldberg	CRYSP SYN	iang	pid/04/6434
Sergey Gorbunov	CRYSP SYN	sgorbuno	pid/117/3299-1
Maura Grossman	DS	mrgrossm	pid/122/5875
Toshiya Hachisuka	GRA SCI	thachisu	pid/78/4037
Rob Hackman		r2hackma	pid/237/8570
Mohammad Hajiabadi	CRYSP	mdhajiab	pid/81/10308
Xi He	DS	xihe	pid/28/949-1
Urs Hengartner	CRYSP SYN	uhengart	pid/04/6136
Jesse Hoey	HI AI ML	jhoey	pid/35/1222
Dan Holtby		djholtby	pid/35/3244
Irene Huang		yqhuang	pid/36/864
Ihab Ilyas	DS	ilyas	pid/i/IhabFIlyas
Armin Jamshidpey		a5jamshi	pid/238/0011
Craig Kaplan	GRA	csk	pid/k/CraigSKaplan pid/07/1120
Lila Kari	BIO AC	lila	pid/k/LilaKari
Zille Huma Kamal		kzillehu	pid/53/4675
Gautam Kamath	AC	gckamath	pid/73/11140
Martin Karsten	SYN	mkarsten	pid/77/3734
Florian Kerschbaum	CRYSP	fkerschb	pid/26/5304
George Labahn	ALG SCI	glabahn	pid/l/GeorgeLabahn
Kevin Lanctot		klanctot	pid/120/9539
Kate Larson	AI ML	klarson	pid/27/3591
Lap Chi Lau	AC	lapchi	pid/l/LapChiLau
Edith Law	HCI AI HI	edithlaw	pid/32/1523
Ondrej Lhotak	PL	olhotak	pid/05/469
Ming Li	BIO AC	mli	pid/181/2821
Yuying Li	SCI	yuying	pid/74/3697
Noura Limam		n2limam	pid/82/281
Jimmy Lin	DS	jimmylin	pid/00/7739
Yang Lu	BIO	yanglu	pid/197/8508
Brad Lushman		bmlushma	pid/50/598
Bin Ma	BIO AC	binma	pid/70/6176
Sujaya Maiyya	DS	smaiyya	pid/224/6467
Richard Mann	AI	mannr	pid/21/4772
Stephen Mann	GRA	smann	pid/31/2607
Ali José Mashtizadeh	SYN	mashti	pid/135/6767
Shane McIntosh	SE	s4mcinto	pid/31/8127
Cameron Morland		cjmorlan
Ian Munro	AC	imunro	pid/m/JIanMunro
Nomair Naeem		nanaeem	pid/54/452
Meiyappan Nagappan	SE	m2nagapp	pid/27/2828
Naomi Nishimura	AC	nishi	pid/n/NaomiNishimura
Rafael Oliveira	AC	r5olivei	pid/141/7747
Jeffery Orchard	SCI HI	jorchard	pid/71/6759
M. Tamer Ozsu	DS	tozsu	pid/o/MTamerOzsu
Richard Peng	AC	y5peng	pid/46/7997
Mark Petrick		mdtpetri	pid/78/248
Pascal Poupart	ML AI HI	ppoupart	pid/26/2122
Prabhakar Ragde	AC	plragde	pid/12/3497
Adrian Reetz		areetz	pid/36/1752
Gregor Richards	PL	gkrichar	pid/48/7473
Collin Roberts		cd2rober
Victoria Sakhnini		vsakhnin	pid/16/5929
Mohammad Ali Salahuddin		m2salahu	pid/52/3563
Ken Salem	DS	kmsalem	pid/s/KennethSalem
Semih Salihoglu	DS	ssalihog	pid/55/6560
Eric Schost	ALG	eschost	pid/07/1002
Leili Rafiee Sevyeri		lrafiees	pid/201/2308
Jeffrey Shallit	AC	shallit	pid/s/JeffreyShallit
Arne Storjohann	ALG	astorjoh	pid/96/2287
Chengnian Sun	SE PL	cnsun	pid/04/7120
David Toman	DS	david	pid/t/DavidToman
Dave Tompkins		dtompkin	pid/70/3313
Richard Trefler	FORM SE SYN	trefler	pid/10/2922
Peter van Beek	AI	vanbeek	pid/b/PetervanBeek
Troy Vasiga		tmjvasig	pid/17/3662
Olga Veksler	AI	oveksler	pid/v/OlgaVeksler
Daniel Vogel	HCI	dvogel	pid/59/838
Justin Wan	SCI HI	jwlwan	pid/84/3279
Stacey Watson	CRYSP	s28watso	pid/203/1515
Stephen Watt	ALG	smwatt	pid/w/StephenMWatt
Grant Weddell	DS	gweddell	pid/81/5447
Bernard Wong	SYN	bernard	pid/34/2603-1
Meng Xu	CRYSP	m285xu	pid/75/4287-1
Yaoliang Yu	ML	y328yu	pid/90/4989
Hong Zhang	SYN	honzhang	pid/24/6914-25
Hongyang Zhang	ML	h935zhan	pid/23/10537-1
Yizhou Zhang	PL	yizhou	pid/120/2740
Jian Zhao	HCI	jianzhao	pid/70/2932-10 pid/70/2932
